train_loss,valid_loss,accuracy,f1,epoch
0.5370999574661255,0.22334681451320648,0.9159592390060425,0.9190145425350296,1
